,Daily Sharpe - 3mo,Annual Sharpe - 3mo,Return over 3mo (%),Avg volume (3mo)
MMM,0.05777713639267003,0.9171836061627864,0.0508130081300813,2575807.8125
ABT,0.1502443999814268,2.3850559093858363,0.16615939578401545,5256090.625
ABBV,-0.13989071982327164,-2.2206963322691418,-0.1029855404140226,7083343.75
ABMD,0.08587518700817214,1.36322633168873,0.11355372591632877,335021.875
ACN,0.0180788567353478,0.2869929534605721,0.010166141102273245,1845926.5625
ATVI,0.05578857939350059,0.8856162424367112,0.059947643979057566,6615020.3125
ADBE,0.08430070139345451,1.338232147412381,0.12381710859177353,3046260.9375
AMD,0.18805796698787677,2.985327676285899,0.5580838323353293,61709003.125
AAP,0.08044444385795413,1.277015956830264,0.06729052075148216,822081.25
AES,0.21947278610798435,3.4840224695291884,0.30836363636363623,5376220.3125
AFL,0.03623354307556295,0.575189664580116,0.03027681660899646,3535057.8125
A,0.16314806914692734,2.589895307058837,0.13725261932479618,1390853.125
APD,0.2056915396052067,3.265251963512219,0.23171765104652134,1090240.625
AKAM,0.05502552793989491,0.8735031761339893,0.057891240391003074,1644092.1875
ALK,0.04906036204220146,0.778809103166748,0.06997084548104973,2384776.5625
ALB,0.07753292566957644,1.2307970384457319,0.13236870310825288,1163115.625
ARE,-0.0203504003249457,-0.32305259004248615,-0.020577148859914803,797267.1875
ALXN,0.015386079343290008,0.24424643756792014,0.007217674500484177,1937571.875
ALGN,0.1252984225688777,1.9890507947155995,0.20821615869879162,739017.1875
ALLE,0.011277861210340365,0.1790304964995751,0.001957753735188024,693534.375
LNT,0.11052248735184907,1.7544900948796458,0.09139213602550487,1373534.375
ALL,-0.02867429302967651,-0.4551902902627013,-0.03489109748361173,1998621.875
GOOGL,0.05697177008687722,0.904398812406155,0.056159819161272315,1838953.125
GOOG,0.06086546180572226,0.9662092522262486,0.062548716817413,1829409.375
MO,0.008824244589696141,0.14008054015405913,0.0020947892118357006,7641520.3125
AMZN,0.09878979093649735,1.5682393133402082,0.14937965813425833,5138409.375
AMCR,0.12368127187396703,1.9633793232881063,0.11892450879007242,8863979.6875
AEE,0.15785138393817122,2.5058130360466593,0.13512336719883872,1268317.1875
AAL,0.01785447362270765,0.2834309819738815,-0.007269789983845042,69456490.625
AEP,0.04287721449320078,0.6806546787611019,0.03397435897435905,3032032.8125
AXP,0.03504590385841358,0.5563364764850479,0.0304003425390709,4249414.0625
AIG,-0.036021589283638314,-0.5718250024428977,-0.08885897004375633,6813165.625
AMT,-0.017709593064600945,-0.28113107441453,-0.027061019149626695,1604373.4375
AWK,0.1790950746311257,2.8430461710630692,0.16239522888459051,737168.75
AMP,0.006764226188467746,0.10737876183885586,-0.001972386587771149,704617.1875
ABC,-0.01889431130185633,-0.2999378933912934,-0.02399677354305313,940782.8125
AME,0.14400358110221162,2.285985980995035,0.13637953141391757,1076751.5625
AMGN,0.048340902832833654,0.7673880422880938,0.0471568459027658,2604826.5625
APH,0.1303949901524572,2.069956296912708,0.1244014047036288,1372153.125
ADI,-0.029723243661867307,-0.47184186532486627,-0.037244421820649874,3363323.4375
ANSS,0.0885793674270565,1.4061538650204408,0.10272714427017113,409057.8125
ANTM,0.007283064585564929,0.115615066054959,-0.0015646391550948784,1186045.3125
AON,0.04826245356678067,0.7661426987970233,0.03336490895695192,1482732.8125
AOS,0.1438664995454771,2.283809878744316,0.17345331833520794,1044254.6875
APA,-0.08245801051777658,-1.3089803366111112,-0.2566037735849057,9387221.875
AIV,-0.04027594202480896,-0.6393607584989985,-0.0687001923605386,1220185.9375
AAPL,0.1482373993319188,2.3531957617873767,0.26999208234362637,173016207.8125
AMAT,0.009585135986411714,0.15215931661668708,-0.0025693730729702924,7735675.0
APTV,0.12572998108198688,1.9959015737267578,0.1655200323755566,1614379.6875
ADM,0.20799882702350073,3.3018790157839444,0.1836629848445928,2725665.625
ANET,-0.021853453910265858,-0.346912826006253,-0.04742914114798466,711957.8125
AJG,0.09710648539722369,1.5415176663154746,0.06517016654598114,858560.9375
AIZ,0.12931641303350566,2.052834415953406,0.1875818969861909,379765.625
T,-0.055496186329021154,-0.8809746464345551,-0.03576341127922968,33837760.9375
ATO,-0.02741421986404982,-0.4351872488827366,-0.022675969628565502,823557.8125
ADSK,-0.003967736608854801,-0.06298586600901938,-0.021225401735842562,1301528.125
ADP,-0.06073131827846312,-0.9640797897475485,-0.07034273079049204,2060214.0625
AZO,0.042305203023924674,0.6715742781924143,0.027232494366158867,193296.875
AVB,-0.01554431758098244,-0.24675839171693195,-0.022063680803276545,983514.0625
AVY,0.07881870489465705,1.2512081508687116,0.08622416461804606,599067.1875
BKR,-0.05451452872027905,-0.8653913150024795,-0.10680272108843528,6422012.5
BLL,0.2147252579960752,3.4086577971707905,0.20983070983070976,1784448.4375
BAC,0.0212894059736897,0.3379588426000551,0.014686825053995675,61269621.875
BK,-0.05790160250166959,-0.9191594443891986,-0.08039647577092515,4981100.0
BAX,-0.047026860739062086,-0.7465282707337526,-0.055390819594354185,3107206.25
BDX,-0.0275556253989008,-0.4374319921580792,-0.04063021792182207,1582281.25
BRK.B,,,,
BBY,0.2053822217986396,3.260341695558656,0.24964622641509437,2494953.125
BIO,0.14042245977363918,2.2291374422941237,0.16552999653219272,183853.125
BIIB,0.051331257010570605,0.8148584432058639,0.05652207531121915,1238371.875
BLK,0.03281844608796869,0.5209766805860745,0.02423109282976521,636282.8125
BA,-0.023721086215645098,-0.37656056972951524,-0.08223045703193924,31077367.1875
BKNG,0.07136033395221426,1.1328101826724675,0.07560097323600971,355509.375
BWA,0.08688160110684784,1.3792026602150007,0.10773397532350303,2637459.375
BXP,-0.054657738065509,-0.8676646928798725,-0.0786336542870243,1338425.0
BSX,0.11464577888590395,1.8199453187724093,0.12199519230769237,8317446.875
BMY,0.0467360317469702,0.7419115036110164,0.03388946819603759,10216954.6875
AVGO,0.14361265587448444,2.2797802353923107,0.16066491005497538,1908003.125
BR,0.05847115965518274,0.9282008839030005,0.04621309370988451,518765.625
BF.B,,,,
CHRW,0.29808166147620646,4.731899679929908,0.33524654317766767,1526600.0
COG,0.07253259178002375,1.1514191987814635,0.09354254677127342,4715281.25
CDNS,0.08735822659279707,1.3867688552410227,0.10528559249786866,1669956.25
CPB,-0.00950126316818475,-0.15082787690396707,-0.01735537190082637,2219604.6875
COF,0.08585716582587048,1.3629402542885207,0.13407455853499026,3178584.375
CAH,-0.0355282919816631,-0.5639941505422245,-0.06172106824925811,2377546.875
KMX,0.07232187774815448,1.1480742172249965,0.08604758604758608,1276673.4375
CCL,0.009756067022648316,0.15487276269603478,-0.04499366286438524,36932203.125
CARR,0.2835916433333847,4.501877772937586,0.45398187887458274,5454443.75
CAT,0.1646282228866482,2.6133920192434985,0.19217256311790176,3139984.375
CBOE,-0.010155574691367379,-0.1612147503257977,-0.01977925909736643,821250.0
CBRE,0.06395856952924665,1.0153108151149206,0.07620817843866173,1642421.875
CDW,0.04154103504416867,0.6594434875865363,0.0391741174301779,820703.125
CE,0.22034086006216322,3.497802716343407,0.28219376661029233,824565.625
CNC,-0.04284804522376868,-0.6801916309640451,-0.07263598326359838,3533035.9375
CNP,0.06647406130736112,1.055243009134432,0.07288135593220335,6128390.625
CERN,0.0502743679680564,0.7980808497865733,0.0416290952810339,1683831.25
CF,0.07725210641363517,1.2263391709582592,0.1081967213114755,2453915.625
SCHW,0.08680738947259223,1.3780245870432326,0.10047244094488182,9131835.9375
CHTR,0.27056867250231154,4.29514452003598,0.22290799769048528,923815.625
CVX,-0.13440057531256233,-2.133542990046282,-0.16921119592875314,9477948.4375
CMG,0.1597496498783312,2.535947073646225,0.2045685524851182,328207.8125
CB,-0.08767865045301101,-1.3918554263305671,-0.08155856727976767,1686648.4375
CHD,0.20973685184116952,3.3294693044240047,0.22061720288903475,1459042.1875
CI,-0.11444502854961892,-1.8167585059798728,-0.1221765913757701,1964739.0625
CINF,0.18780624957371556,2.98133178621469,0.23983870967741944,960676.5625
CTAS,0.2427964813913883,3.8542746537788104,0.27551656920077977,479721.875
CSCO,-0.15113025705768574,-2.3991184545114037,-0.16972576117469226,23531823.4375
C,-0.10486370658973813,-1.6646597351573533,-0.15248083904800314,23283771.875
CFG,0.04379688413267199,0.6952539816873654,0.05483592400690845,5549671.875
CTXS,-0.017037149889284994,-0.2704563699382783,-0.04650837010576462,1550585.9375
CLX,-0.010985441444937774,-0.17438847663340445,-0.017603344170924386,1409067.1875
CME,0.03995738394380367,0.6343038057361787,0.02665435518621122,1670892.1875
CMS,0.1084775359198238,1.7220274972855802,0.08527954706298656,1831156.25
KO,0.13444232821611726,2.1342057968422097,0.11820059674087671,15421378.125
CTSH,0.20129938694010913,3.1955287014797524,0.23310994385075162,2876754.6875
CL,0.10669162715935096,1.6936770746188037,0.061940715883669,3254707.8125
CMCSA,0.22355602368517832,3.5488418565686835,0.19404915912031048,18164001.5625
CMA,0.043635585681289,0.6926934481520499,0.05456601639807746,1621904.6875
CAG,0.08310341229154046,1.3192257721457064,0.07598039215686264,2886050.0
CXO,-0.06791892473553732,-1.0781795049908707,-0.13101391650099398,1950079.6875
COP,-0.09888443740707055,-1.5697417794818482,-0.16480793060718707,6900454.6875
ED,0.0731993813255424,1.1620041546670243,0.06299102132435458,2269470.3125
STZ,0.08129077146648,1.290450991109349,0.07592165216876728,1099770.3125
COO,0.19018308751594845,3.0190629188257945,0.22074877280386837,343298.4375
CPRT,0.31025295974293504,4.925113050009241,0.3094699824164783,1413453.125
GLW,0.1858829880600991,2.950800956187665,0.22786304604486418,4952387.5
CTVA,0.07295093050555489,1.1580601201707221,0.0949074074074073,4496056.25
COST,0.20592501217192055,3.2689582256091034,0.15517939034259504,2240568.75
COTY,-0.16968066269933302,-2.6935970147944137,-0.3540669856459329,13275526.5625
CCI,0.009767688845101603,0.15505725340799126,0.0023554205665406026,1919854.6875
CSX,0.1888391695274268,2.997728882145228,0.18464572902442727,3669701.5625
CMI,0.2080981192988353,3.3034552317898145,0.2363259259259259,999826.5625
CVS,-0.11804210623946494,-1.8738603440633403,-0.09661150512214346,7588860.9375
DHI,0.22376756248285187,3.5521999308763985,0.35451631152178004,3523485.9375
DHR,0.2393942829666255,3.800266428121902,0.206452740085027,2115842.1875
DRI,0.18053404559643896,2.865889126971438,0.3320082248115147,2374992.1875
DVA,0.09959044733348234,1.58094933961242,0.11037586024351513,1076084.375
DE,0.394732754292961,6.2661882131444315,0.4710815888352121,1602843.75
DAL,0.06462247860911484,1.0258500450258543,0.10665180230397625,24370268.75
XRAY,0.015058743326666629,0.23905013939708034,0.0057977736549165125,1550031.25
DVN,-0.0747532902967294,-1.1866716948537825,-0.1937842778793418,7915476.5625
DXCM,0.04259939843986833,0.6762444856370672,0.05038375189265392,865009.375
FANG,-0.118222087886118,-1.87671746412894,-0.27303671286165826,2470868.75
DLR,0.017561053363484548,0.2787730797606869,0.010171420442421274,1508320.3125
DFS,0.07282396061151963,1.1560445355890652,0.11218409697965893,3371140.625
DISCA,0.04401071687047355,0.6986484711656874,0.05281342546890408,4043368.75
DISCK,0.035069987426618855,0.5567187912779733,0.03727714748784428,2501928.125
DISH,-0.08153389742792264,-1.294310496096793,-0.1228878648233486,2671643.75
DG,0.117398143112706,1.863637746341942,0.10032208669940336,1903492.1875
DLTR,-0.024733949880855515,-0.39263928195047615,-0.03454977326711296,2154582.8125
D,-0.020427965083690693,-0.324283892415338,-0.03300702811244992,4314137.5
DPZ,0.15422016193741395,2.4481691738310385,0.14288838468057183,597431.25
DOV,0.1737360264568952,2.7579739186648973,0.17120034542314333,764517.1875
DOW,0.11007021261074476,1.7473104559442172,0.15678391959799,4458521.875
DTE,0.12307591963460203,1.953769654402371,0.10180560891279287,1063039.0625
DUK,0.05605615790635382,0.889863919643876,0.044849866970733454,3398417.1875
DRE,0.05850366523545929,0.928716893992802,0.04771544245228452,1963387.5
DD,0.06254325236965776,0.9928433517315934,0.07040062232594316,4147353.125
DXC,0.04221379957743548,0.6701232934621066,0.05426356589147286,3276462.5
ETFC,0.01010370402325549,0.16039132899682074,0.0018541409147095882,2013742.1875
EMN,0.11738356603034013,1.863406342333256,0.14892984542211646,1016478.125
ETN,0.156246003283087,2.4803284082089787,0.16912280701754379,1613348.4375
EBAY,0.03446658760695569,0.5471401160941535,0.031243859304381928,9165804.6875
ECL,0.02833417660457208,0.4497911093968934,0.022320730117340294,1203229.6875
EIX,-0.043037571723578555,-0.6832002708761659,-0.05782561109084279,2401082.8125
EW,0.13543627056083438,2.149984142412157,0.15373156561894843,2617320.3125
EA,0.010361018301445072,0.1644760665300751,0.0019857939356907575,2115165.625
EMR,0.07461323004411782,1.1844483072719318,0.07449473860030068,2620234.375
ETR,0.06450799552390264,1.024032682389085,0.05804058476980152,1088239.0625
EOG,-0.12355200024221688,-1.9613271997529877,-0.2319524200164068,4199537.5
EFX,-0.052598598228883596,-0.8349768613453706,-0.06637617143198236,786946.875
EQIX,0.10438472640098802,1.657056160383196,0.0943572115244561,349826.5625
EQR,-0.0767514854448601,-1.2183920594513609,-0.09526315789473684,2624023.4375
ESS,-0.07581949646956201,-1.2035971931316047,-0.09199697495440179,417404.6875
EL,0.16380220899640122,2.600279455245028,0.16867600738568483,1202662.5
EVRG,-0.09747350898082054,-1.5473439850804325,-0.13457236276028223,2155092.1875
ES,0.015201304325022844,0.24131322508692615,0.00769700671960916,1387942.1875
RE,-0.0037786675674785367,-0.05998448802440152,-0.011101707572061623,262365.625
EXC,0.02972948443901532,0.4719409345907948,0.023336214347450368,5625873.4375
EXPE,0.12829972099676512,2.036694930218475,0.20595437556386118,2981282.8125
EXPD,0.23329939269400876,3.703513044544479,0.22817514277943957,1080712.5
EXR,0.15945503815126574,2.531270257467394,0.1586638830897703,814198.4375
XOM,-0.17566935811318415,-2.7886646072509924,-0.2058688674919761,23309093.75
FFIV,-0.10420164095933454,-1.6541497690994467,-0.1436625749357694,813928.125
FB,0.11596672920282158,1.8409147549694254,0.17928544983339495,26573217.1875
FAST,0.09938491171805876,1.5776865628685555,0.09490119541351551,3724181.25
FRT,-0.07016679598370414,-1.1138633548025212,-0.11646731907696026,661064.0625
FDX,0.41500600377416924,6.588016071511109,0.9232011070110698,3653295.3125
FIS,0.14130505547886077,2.2431482147595037,0.11868822312466486,3258843.75
FITB,0.06613015877814207,1.0497837257290736,0.09115138592750519,5903581.25
FE,-0.08488698452976128,-1.3475391036716131,-0.22388059701492535,9902889.0625
FRC,0.018324832381648466,0.29089769579271174,0.010498940473897163,734237.5
FISV,0.06637709663362126,1.0537037426583868,0.07595870206489669,5110709.375
FLT,0.004980219348783911,0.07905853122860565,-0.006749958074794623,677407.8125
FLIR,-0.054803670862017775,-0.869981304206015,-0.0980291783977476,1468829.6875
FLS,0.0028468936152465235,0.04519303508999941,-0.01629026286560538,998864.0625
FMC,0.0948281399806171,1.5053500540772053,0.09175642087821043,648712.5
F,0.08186887447956798,1.2996280919381964,0.10152284263959385,64656156.25
FTNT,-0.0709271963701391,-1.1259343367185872,-0.13184689706428843,1427942.1875
FTV,0.1190236278804786,1.8894415170746415,0.11752297724875692,2757968.75
FBHS,0.28473744237817283,4.520066768887375,0.3719471947194719,1061115.625
FOXA,0.03863529256800922,0.6133162557910465,0.038910505836575876,4543556.25
FOX,0.03966538123269716,0.629668406401712,0.04000000000000004,1318879.6875
BEN,-0.00454476736189006,-0.07214594523722513,-0.019960079840319292,3142526.5625
FCX,0.199458750681979,3.1663095067209075,0.4179796107506953,20709493.75
GPS,0.15646274038959077,2.4837690031111106,0.3496271748135873,13202542.1875
GRMN,-0.009027589199649523,-0.1433085357643516,-0.01380982500527095,850765.625
IT,0.06956859083385546,1.1043671424455348,0.06618582944420884,409387.5
GD,-0.04738635542513984,-0.7522350719558184,-0.053680246490927785,1174596.875
GE,-0.01667261140390417,-0.2646695008844994,-0.057098765432098776,89203437.5
GIS,0.015345994838887028,0.24361011578745478,0.00776895794629287,3418512.5
GM,0.1106821600129842,1.7570248197948826,0.18560915780866716,14624243.75
GPC,0.12948660134547066,2.055536071650462,0.1247908199856562,754459.375
GILD,-0.18763510600663982,-2.9786149663128647,-0.1652138929864556,8724639.0625
GL,0.09371312666504042,1.4876497664279564,0.10755116443189845,506979.6875
GPN,0.07125918668030347,1.131204519508856,0.07414682052541133,2020000.0
GS,0.03455816079090669,0.5485937953231339,0.03044558380464079,3558778.125
GWW,0.18275673009238588,2.901173149486845,0.18518013100436673,317343.75
HRB,0.08173031758530627,1.2974285694302967,0.13259259259259254,4367142.1875
HAL,0.033739010457938215,0.5355901869186718,0.03688181056160935,14733539.0625
HBI,0.21640033303000886,3.4352487889737597,0.48279158699808783,6699076.5625
HIG,-0.021075161695483315,-0.33455782012033936,-0.04380341880341882,2204950.0
HAS,0.0750713980522098,1.1917214989205152,0.09007222772978331,932112.5
HCA,0.1733945108337248,2.752552526218385,0.3035250865051902,1902201.5625
PEAK,0.017257239834889106,0.27395018951108363,0.0090600226500567,3568471.875
HSIC,0.03980208576470439,0.6318385235704316,0.03740956414328564,1310339.0625
HSY,0.13163576742562758,2.0896530254960863,0.10862137465236406,1003520.3125
HES,-0.0750805344047938,-1.1918665340214798,-0.16501650165016502,2239075.0
HPE,-0.023144331494775475,-0.36740487237609426,-0.04105263157894743,10535478.125
HLT,0.1384708935819296,2.198157289432054,0.20756042720629583,3004017.1875
HFC,-0.155432090967644,-2.4674079507549287,-0.2857142857142858,2717350.0
HOLX,0.1288580835522138,2.045558660997241,0.20235426008968593,2338667.1875
HD,0.1369461611569933,2.173952912558266,0.11426911746400573,3514184.375
HON,0.15745969772884114,2.4995952102354937,0.16843933145213805,3373237.5
HRL,0.02498818223955218,0.3966750955284966,0.013067828251400177,1580257.8125
HST,0.009799041659375177,0.1555549639048105,-0.009310986964618215,10035432.8125
HWM,0.055833513936919314,0.8863295561996842,0.08106355382619986,2979353.125
HPQ,0.08352533812902889,1.3259236371719485,0.10174593618302236,11328217.1875
HUM,0.07532999326525801,1.195826570664259,0.069960495408926,666321.875
HBAN,0.013974586729062013,0.2218396869600099,0.002272727272727224,9739471.875
HII,-0.12125472744148809,-1.9248591246065803,-0.17395882077678992,400181.25
IEX,0.17748515624421465,2.817489508965808,0.15682346859653665,384928.125
IDXX,0.13831284315544348,2.1956483166935143,0.16305485439881787,442032.8125
INFO,0.08883667695341745,1.4102385271207543,0.07002338698583029,1869137.5
ITW,0.16751425071765108,2.6592062907493674,0.1478369681801931,988914.0625
ILMN,-0.08261677385918366,-1.311500626523172,-0.1671572983781382,1274884.375
INCY,-0.09957429179284048,-1.5806928783554148,-0.14670215912451945,1199492.1875
IR,0.23894953846015063,3.793206327955334,0.2989349981637898,2676410.9375
INTC,-0.0773781008768037,-1.2283392710549494,-0.13147826086956527,33934282.8125
ICE,0.12860321445842815,2.041512739563042,0.1123893805309734,3032470.3125
IBM,0.02419608568254768,0.3841009525033902,0.015018346275279504,4417437.5
IP,0.14810319820697676,2.3510653849738063,0.21775147928994082,2908565.625
IPG,0.038554524440669,0.6120341015182309,0.040073982737361416,3852979.6875
IFF,0.0064106106447664535,0.1017652891086928,-0.0006719865602687803,815396.875
INTU,0.09641543493199962,1.5305475802692046,0.11161524500907448,1258448.4375
ISRG,0.16443457622257707,2.610317973751402,0.22529780849322542,623804.6875
IVZ,0.05449680930384875,0.8651100279869689,0.08100000000000004,6118696.875
IPGP,0.053154685379754665,0.8438044711962704,0.062878495039299,309692.1875
IQV,0.10460376763277061,1.6605333321401918,0.11258180748584455,1021062.5
IRM,0.08891364617399983,1.411460375618359,0.07539521686258611,2744801.5625
JKHY,-0.05877695545006094,-0.9330552416543026,-0.0979886828393748,575456.25
J,0.09401131769041027,1.4923834022058764,0.09600000000000002,776934.375
JBHT,0.10086934096643342,1.6012511466489747,0.08407376362112334,836312.5
SJM,0.09601036999702403,1.5241173737725366,0.0887292495874187,836532.8125
JNJ,0.09699238074270307,1.5397063110796956,0.0569624845802191,6116596.875
JCI,0.1918648552336086,3.045760153689227,0.21372901678657083,4958668.75
JPM,0.016889654961999498,0.26811496055483247,0.009504266119451295,18320620.3125
JNPR,-0.02161758810792081,-0.3431685724715147,-0.03518267929634646,3188195.3125
KSU,0.18891892359284973,2.9989949386841603,0.2584585821151602,1035342.1875
K,-0.009837176744088672,-0.15616033960708023,-0.012214218603194505,2039789.0625
KEY,0.009487111906427136,0.1506032325878765,-0.004251700680272018,9269126.5625
KEYS,0.01382632887719577,0.2194861665243055,0.005740057400574029,1620096.875
KMB,0.10242110747043746,1.6258846762235837,0.06961794141281322,1444593.75
KIM,-0.0533950833577613,-0.8476206707892004,-0.1038338658146964,5191803.125
KMI,-0.12464109689270854,-1.9786160730984739,-0.14512785072563936,12507918.75
KLAC,0.0073321468227246205,0.11639422241485042,-0.008756659809041497,1250696.875
KSS,0.034417089157871186,0.5463543525747876,0.03622802344166221,9268292.1875
KHC,-0.0506099460379724,-0.803407986497242,-0.05728155339805824,6212875.0
KR,0.03328878314703517,0.528443049930079,0.02600979192166467,8405256.25
LB,0.2594461823605646,4.118580462787,1.1883116883116882,6005228.125
LHX,0.05320696608971903,0.8446344017378601,0.04958434054595835,1471234.375
LH,0.1211150916052164,1.9226424744252557,0.11749814769078785,788623.4375
LRCX,0.06626509715438186,1.0519258060441699,0.09172947243157478,1781053.125
LW,0.03536000224969841,0.5613226338683187,0.03774188389573004,1055503.125
LVS,0.05866394619098394,0.9312612752821101,0.08377567505192714,6072064.0625
LEG,0.16374847619847077,2.5994264735215977,0.26456984273820533,1208764.0625
LDOS,0.028781838275780666,0.4568975181179743,0.02450434395188241,1063303.125
LEN,0.17869402967756515,2.836679779792997,0.30000000000000004,2813346.875
LLY,-0.08977635591256639,-1.425155468149643,-0.07719707670576688,3040100.0
LNC,-0.039460604337594025,-0.6264176739695428,-0.11630591630591625,1920465.625
LIN,0.13717683668973488,2.1776147731173556,0.12537472198046615,1873070.3125
LYV,0.13528576571835985,2.1475949521063655,0.24917878930079787,2431412.5
LKQ,0.06886589837892843,1.0932122455421445,0.0932579733548647,2777048.4375
LMT,0.0877269976168303,1.3926229137629338,0.08392196434577867,1211103.125
L,0.030023067192726235,0.4766014163240144,0.026516306004266913,942232.8125
LOW,0.21618029386583762,3.4317557755312103,0.23290317595239948,3943862.5
LUMN,-0.4384760044996066,-6.9605907826511855,-0.05199628597957277,8421500.0
LYB,0.06918027026742428,1.098202744559043,0.0986271106201674,2080084.375
MTB,-0.05534936327096113,-0.8786439026444143,-0.09118056938084806,801221.875
MRO,-0.13358363038249807,-2.1205743913275716,-0.27874564459930323,25176423.4375
MPC,-0.09411153795623321,-1.493974349604054,-0.19055696918292336,7724350.0
MKTX,-0.03519748586497454,-0.5587427662406027,-0.050486903619623054,207839.0625
MAR,0.09441016075555575,1.4987148395809824,0.14887571040276745,3278581.25
MMC,0.11749723187871786,1.865210731737468,0.0783770883054892,1597582.8125
MLM,0.10091991726575013,1.6020540205103306,0.1147985600867893,579604.6875
MAS,0.1359180022012835,2.1576313951279547,0.13850931677018644,2007657.8125
MA,0.135404167971268,2.1494745296015543,0.14667864795742033,3699026.5625
MKC,0.10770916414388002,1.7098299734840505,0.0869219858156028,504879.6875
MXIM,0.0964639692365134,1.531318038467998,0.10692567567567564,3956351.5625
MCD,0.29325871144577426,4.655337721732619,0.2138644709024146,2986884.375
MCK,0.010316496422990113,0.16376930362031553,0.0020241549153227375,1101323.4375
MDT,0.16970019348472834,2.6939070564008083,0.16210431452067142,4692295.3125
MRK,0.1389049347785456,2.205047479822071,0.10293922064104281,7943053.125
MET,0.03439584158549321,0.5460170578199318,0.033932135728542846,5492684.375
MTD,0.245041195603892,3.8899083872029925,0.2625534118865727,103703.125
MGM,0.1612471189347068,2.5597186579613314,0.40585241730279903,19773476.5625
MCHP,0.004400335669518475,0.06985316320051674,-0.009995002498750625,2421510.9375
MU,0.020328610478073546,0.3227066869469068,0.013404825737265386,19187023.4375
MSFT,0.05206939076016098,0.8265759532201824,0.05852391381857067,35263067.1875
MAA,0.05721089271574473,0.9081947664591435,0.0463407998549016,542253.125
MHK,0.013906566657173366,0.22075990179374133,-0.01535889666701493,1167456.25
TAP,-0.038797499757295975,-0.6158912150933638,-0.05169909962242234,2113310.9375
MDLZ,0.17366074413468993,2.75677884884885,0.12140575079872201,5991265.625
MNST,0.1548426175215382,2.4580503498976958,0.16038291605301913,2028767.1875
MCO,0.05011858097729747,0.7956078079762898,0.04279128559744215,630754.6875
MS,0.008318984769917666,0.13205978917041616,-0.00021253985122206186,9784278.125
MOS,0.21103402011452052,3.350061212383343,0.5389072847682119,4731907.8125
MSI,0.10772083878839094,1.7100153027201763,0.109669981265312,1250564.0625
MSCI,0.06016690559271243,0.9551200161277101,0.062492474413004186,477584.375
MYL,-0.06188831354788021,-0.9824465202532832,-0.09251101321585907,5049182.8125
NDAQ,0.08236863439611979,1.3075615346648033,0.07088585736487661,697375.0
NOV,-0.10578983436893293,-1.679361557873461,-0.21985233798195242,5376795.3125
NTAP,-0.02249141812143947,-0.3570401938950022,-0.04614685155717211,3033106.25
NFLX,0.059009763249108976,0.9367509508916471,0.0890392422192152,7346810.9375
NWL,0.09075307796930777,1.4406604501226583,0.11229235880398655,3098610.9375
NEM,0.03454961191079862,0.5484580860586095,0.035052241321199835,7148504.6875
NWSA,0.17695165748743327,2.809020478754574,0.22822299651567937,2144526.5625
NWS,0.16632108576435653,2.640265384312395,0.2123050259965339,471056.25
NEE,0.17493713833820324,2.777040978673133,0.19304038608077215,1772117.1875
NLSN,0.0010954478221266938,0.017389695069567303,-0.014914772727272789,3153259.375
NKE,0.2505682619169483,3.9776478448676507,0.32625173481370773,6931171.875
NI,-0.0023851743374728933,-0.037863468782919144,-0.009395973154362454,3037925.0
NBL,-0.023070026366276378,-0.3662253150292224,-0.0680570801317233,15527640.625
NSC,0.2718658971135877,4.315737322332155,0.29061892703609915,1349756.25
NTRS,0.01296900266004577,0.20587653474609757,0.003412073490813529,1125587.5
NOC,0.08798958258262202,1.3967913208679896,0.08659643543364469,783337.5
NLOK,0.0787877778609852,1.250717199429404,0.0930962343096233,6050601.5625
NCLH,0.05076798620401935,0.8059167963563595,0.08835078534031411,35665554.6875
NRG,-0.05396694860520844,-0.8566987501583136,-0.06493506493506496,2197962.5
NUE,0.09675385276101107,1.5359197967579725,0.11453201970443345,2025685.9375
NVDA,0.1982099805060795,3.1464858947402807,0.40619879847078116,12907651.5625
NVR,0.1524204346756447,2.4195993892567307,0.24083229154828212,22393.75
ORLY,0.09221833323274313,1.4639206563283287,0.07030591859821402,531298.4375
OXY,-0.2065699005135908,-3.2791955106618897,-0.42227247032221593,24245004.6875
ODFL,0.1263690561229573,2.0060465754918546,0.11907975460122697,803501.5625
OMC,-0.04990226208214123,-0.7921738519734838,-0.06877605153467227,2063345.3125
OKE,-0.08757177202219064,-1.390158783839762,-0.18825056799740336,5033620.3125
ORCL,0.12254849913942531,1.9453971136027943,0.10372831303063856,14739985.9375
OTIS,0.10028823159950642,1.5920263214324606,0.10324430901595265,2458370.3125
PCAR,0.16214988569905345,2.574049636063465,0.15309221424627284,1696187.5
PKG,0.12121236432082604,1.9241866309143858,0.14381270903010024,740743.75
PH,0.13198304378179102,2.0951658667438133,0.1590355859510838,903440.625
PAYX,0.09221083417332689,1.463801612450635,0.08232344337651477,1807689.0625
PAYC,-0.03774331557879547,-0.5991565600591362,-0.07399549564252379,503482.8125
PYPL,0.07321494865262149,1.1622512783232,0.09586235149528878,7907140.625
PNR,0.2085500763100586,3.310629826919748,0.2558659217877096,1174162.5
PBCT,-0.03881528066343159,-0.6161734782276851,-0.08310249307479227,4183782.8125
PEP,0.06013264242292273,0.9545761051693563,0.035833397967889584,4164600.0
PKI,0.21380632317168527,3.3940701590723155,0.27541786436708177,896906.25
PRGO,-0.1423751101483536,-2.2601348060278323,-0.1612903225806451,818518.75
PFE,0.13576090821907655,2.1551376054716482,0.12515605493133578,27353703.125
PM,0.11048044862305594,1.7538227507487263,0.0948163206040366,4319867.1875
PSX,-0.12608861913912323,-2.0015947763859545,-0.22315263699133234,3352828.125
PNW,0.047083940383333814,0.7474343819957548,0.0382828993666432,903907.8125
PXD,-0.04655542346468574,-0.7390444360131571,-0.08723833811497178,1463018.75
PNC,0.0420040294238399,0.6667932955087204,0.0393341920142673,2279189.0625
PPG,0.15435107621810873,2.4502473736097503,0.17730565889954963,1451017.1875
PPL,0.05834067652341543,0.9261295284013293,0.055843637814120405,5052503.125
PFG,0.002890876567682081,0.045891242814424624,-0.013030148185998926,1395642.1875
PG,0.3458033306408444,5.489457692481097,0.1943070380977176,6445084.375
PGR,0.19965591808026176,3.169439442135942,0.18885607908589028,2367550.0
PLD,0.08891910826415793,1.4115470836115407,0.0872759657130135,2747135.9375
PRU,0.05700247907911615,0.9048863025450208,0.06850258175559375,2444032.8125
PEG,0.11903004388525512,1.889543367992937,0.1395789473684211,2230632.8125
PSA,0.15910199089827612,2.525665806072604,0.15421597633136094,766703.125
PHM,0.22833314348734737,3.6246762824468917,0.3783275916066395,2921987.5
PVH,0.16436044269471725,2.609141140480228,0.3770712046574117,1346168.75
QRVO,0.09925377046183397,1.575604759965007,0.1700661264785321,1341675.0
PWR,0.23786793157403052,3.7760363509332815,0.3382505175983437,1144392.1875
QCOM,0.1601457635446499,2.5422351831581844,0.3008407180186322,9217714.0625
DGX,0.020414142623908685,0.3240644676687957,0.013427690074396698,1417593.75
RL,0.04110931648149522,0.6525901678673109,0.049778434268832945,1180431.25
RJF,0.0593544997012101,0.9422234724123569,0.0661144578313253,681740.625
RTX,-0.011420481332949041,-0.18129452075783167,-0.02724196277495769,8764248.4375
O,0.032257234271495926,0.512067719190768,0.02602294127717862,2065818.75
REG,-0.11796437893404593,-1.8726264613420334,-0.1589121150820409,1219218.75
REGN,-0.034952564567067114,-0.5548547611703255,-0.06101151531012835,737948.4375
RF,0.032141745524825745,0.5102343921732729,0.032863849765258184,8311198.4375
RSG,0.2316599775191204,3.6774881354544386,0.168281172379533,1084365.625
RMD,-0.056682477626253336,-0.8998064369642945,-0.08937133006518345,615960.9375
RHI,0.041372556892120244,0.656768979836529,0.037351778656126496,900907.8125
ROK,0.05850764438308428,0.9287800610030764,0.05066497783407208,604123.4375
ROL,0.24942899894908738,3.959562605922458,0.2993460886413175,1017453.125
ROP,0.036183980899760375,0.5744028894304627,0.028175925208543232,482970.3125
ROST,0.04551189261479814,0.7224788973277982,0.04991044776119411,2699060.9375
RCL,0.13685513667479957,2.172507943699648,0.391725921137686,10090500.0
SPGI,0.09553384339312357,1.5165527484503758,0.09717039800995024,859939.0625
CRM,0.1304060133325061,2.070131284471107,0.3252170115193537,7839435.9375
SBAC,0.06538425556758458,1.037942879345515,0.06740541826710623,588537.5
SLB,-0.03451145135754536,-0.5478523060558049,-0.08715596330275237,12036050.0
STX,0.03126234550739578,0.4962743496788796,0.02661273153076432,3138181.25
SEE,0.16220984401778069,2.575001444865756,0.21352997755690925,1165006.25
SRE,0.04803605733815679,0.762548770084813,0.04440103010389841,1593339.0625
NOW,0.12622267705465426,2.0037228798206037,0.20001500112508436,1633973.4375
SHW,0.2717521968002133,4.313932385813082,0.25096407368213386,448989.0625
SPG,0.028973954989716805,0.4599472764046181,0.027140549273020998,5728201.5625
SWKS,0.07323730033184454,1.1626061002308532,0.09654350417163295,1808500.0
SLG,0.01200099594254659,0.19050990449444083,-0.007271171941830546,1340793.75
SNA,0.06241492907476003,0.9908062825772987,0.06349206349206342,383370.3125
SO,0.07744665540606878,1.2294275404690442,0.056755695208169685,3883014.0625
LUV,0.09436597723378212,1.4980134479170222,0.16082603254067585,13294540.625
SWK,0.15797279034592082,2.50774030302151,0.17362588977764729,994564.0625
SBUX,0.17045807165572127,2.705937999387999,0.17786782171300833,8127604.6875
STT,-0.016477592348610376,-0.2615736693571426,-0.0335370890467537,2183995.3125
STE,0.16619051299230939,2.6381926058153966,0.14750893278500637,468192.1875
SYK,0.16505288976080615,2.6201333968779132,0.17984576427255985,1352245.3125
SIVB,0.0937074514190787,1.4875596746912936,0.12621406847836744,306490.625
SYF,0.10956604266247957,1.7393070061344853,0.1753155680224404,5464950.0
SNPS,0.07489983156548233,1.1889979653773513,0.09494800966285061,815270.3125
SYY,0.12966424265456877,2.0583560400091354,0.18565965583174,3186953.125
TMUS,0.07362979464449301,1.1688367542845037,0.06482889733840297,4982929.6875
TROW,0.06445808902174817,1.02324044122805,0.052799730956784946,1053632.8125
TTWO,0.13482920105139876,2.140347212709177,0.17424564385890348,1371262.5
TPR,0.14455675545194932,2.29476735156143,0.3035856573705178,6007789.0625
TGT,0.23574861325707006,3.7423932156393134,0.31900529823961715,4085059.375
TEL,0.18704374182230346,2.969227350916717,0.21212506354855104,1604545.3125
FTI,-0.04680512760391933,-0.7430083663356902,-0.13920454545454553,5729114.0625
TDY,0.04421967748290149,0.7019656180514399,0.04278360852998199,228521.875
TFX,-0.042308422574376836,-0.6716253869713934,-0.056368898755163405,216650.0
TXN,0.12791329363279377,2.0305605859893245,0.12118018967334027,4404039.0625
TXT,0.08323510989440178,1.3213164067783127,0.10703075957313257,1295414.0625
TMO,0.20199096959031188,3.206507235700653,0.2032768200598377,1302187.5
TIF,-0.039332835495584806,-0.6243894064819883,-0.032784143179727256,1536584.375
TJX,0.0646120891483655,1.0256851174494614,0.07347597900686316,7077929.6875
TSCO,0.07501111735460644,1.1907645725122191,0.07101092475765516,1224810.9375
TT,0.30610636583206197,4.859287912352371,0.40489130434782605,1372162.5
TDG,0.1396598845978025,2.2170319366665927,0.1749982189080719,436396.875
TRV,-0.01864825241336032,-0.29603182963026886,-0.02603603603603604,1378839.0625
TFC,0.015927116997686362,0.25283514406864693,0.006119610570236408,4930790.625
TWTR,0.26449751545834554,4.1987678897834675,0.5091222030981067,20372931.25
TYL,0.020596655750391477,0.32696177373086577,0.013703453739839663,286976.5625
TSN,0.0219124066276437,0.3478486713820125,0.01544269045984898,2563653.125
UDR,-0.09349276029076797,-1.4841515586860812,-0.10937070623797758,1762757.8125
ULTA,0.09679360627306445,1.5365508641977803,0.14127059318911522,1136801.5625
USB,-0.0077818594474003645,-0.12353318901287931,-0.024958402662229772,6539601.5625
UAA,0.10612322132984152,1.6846539118069557,0.22502744237102096,7686701.5625
UA,0.09621254130884575,1.5273267438524085,0.18886198547215502,5431840.625
UNP,0.22445932788014356,3.5631813661174,0.2183349729463848,2765673.4375
UAL,0.03486936710797078,0.5535340424514373,0.03982973548190946,39945635.9375
UNH,0.0663483670666491,1.0532476749214894,0.054447852760736215,2818260.9375
UPS,0.29728586425493175,4.7192667906807335,0.547894148341409,4201725.0
URI,0.1319963691297532,2.0953774000848613,0.19757834757834744,854450.0
UHS,0.12009981945504702,1.9065255286908678,0.17965077233042306,680485.9375
UNM,0.044618555799160436,0.7082976150206239,0.059922680412371115,2434342.1875
VFC,0.14465925824782017,2.2963945330008086,0.23451172558627942,2267062.5
VLO,-0.11939864637163515,-1.8953947510625468,-0.22017045454545453,4291181.25
VAR,0.21913714002441112,3.478694253135183,0.4735263879369432,1477923.4375
VTR,0.10427568007759819,1.6553251036647434,0.1665733482642778,2804218.75
VRSN,0.017029254455211827,0.2703310338079753,0.009526615596150197,697887.5
VRSK,0.1370793468920791,2.1760671705575767,0.11326662164651002,709181.25
VZ,0.20414007878973833,3.2406232865926743,0.11719337848006028,13829315.625
VRTX,-0.04449795147113861,-0.7063830806667211,-0.06276647794785763,1321064.0625
VIAC,0.24031618482165099,3.8149011663715418,0.32302867383512546,9761982.8125
V,0.05374460179274477,0.853169103934793,0.0421619908067839,8054378.125
VNO,-0.037733108658075235,-0.5989945302158712,-0.08706331877729251,1887046.875
VMC,0.13134254742051127,2.084998302218285,0.15673758865248222,959579.6875
WRB,0.1019496003561137,1.6183997328281932,0.09294351200144389,700432.8125
WAB,0.07185116849038227,1.1406019394097102,0.08558639212175471,1228179.6875
WMT,0.14412908570618455,2.287978304818071,0.16015889114266413,10776056.25
WBA,-0.11210435950035802,-1.7796015367447706,-0.1394219091571533,6918387.5
DIS,0.12457264193364564,1.9775293843123367,0.1365719523373053,10921245.3125
WM,0.14970739167781166,2.3765311668457825,0.1052426806730862,1711940.625
WAT,0.08022330184909068,1.2735054362709726,0.09327077134355695,537407.8125
WEC,0.14461488187637836,2.295690079943274,0.12590600888473225,1254546.875
WFC,-0.036171979556530814,-0.5742123740129579,-0.06708760852407258,43993054.6875
WELL,0.056772536845886894,0.9012360827548082,0.07076799356654595,2679728.125
WST,0.16505603651844455,2.6201833501067977,0.21155315801303665,536245.3125
WDC,-0.010831382221547305,-0.1719428622798029,-0.05872277954489843,5998210.9375
WU,0.02754933476687412,0.4373321314704871,0.02179062055897683,4537764.0625
WRK,0.15791861837036866,2.50688034956947,0.34019461077844326,2695028.125
WY,0.20206287090886974,3.2076486337477035,0.2694276407631458,4933965.625
WHR,0.31809701599093354,5.049633582622479,0.4504071661237786,701821.875
WMB,0.06346997036786237,1.0075545438840154,0.07941653160453802,8733048.4375
WLTW,0.03143397112625628,0.4989988219155543,0.021177075301978803,750148.4375
WYNN,0.037725752123189085,0.5988777488449517,0.0479362780593773,4649348.4375
XEL,0.11222596346126752,1.7815319397788123,0.0993419996790242,2391993.75
XRX,0.11709825396509724,1.8588771537091826,0.19389110225763612,3746220.3125
XLNX,0.07839187400897618,1.2444324206163537,0.10250494396835859,2418237.5
XYL,0.24417456959765996,3.876151125849846,0.3150728309056366,1019450.0
YUM,0.09757101248707978,1.5488918052575453,0.07772142941384584,1649881.25
ZBRA,0.043981402139480465,0.6981831142379366,0.0448015583150718,304821.875
ZBH,0.14126603364428786,2.242528762339615,0.16988651130555302,1153317.1875
ZION,-0.06377755731260508,-1.012437335257932,-0.11892226695571384,1619993.75
ZTS,0.24248741623673178,3.8493683965499894,0.21242273481079457,1495854.6875
